Area_sqft,Rooms,Age_years,Cost
2047.9120971119266,4,1.6940220632066838,352951.54994901584
1377.7568795041047,4,35.36582845467269,263958.4456369939
2217.195839822765,4,28.38313140402483,319145.92797493306
1894.736058118728,1,6.925113856900129,264378.65554017737
688.3546957752991,5,3.6688402329679226,190824.19467823257
2451.2447032735117,3,7.341329155212759,405193.9840694561
2022.2794039807059,2,39.2010871821677,295551.46347574
2072.1286105539075,3,18.342425698339593,340491.25131471566
756.2272653510918,5,31.36323793365632,173554.26770831252
1400.7718757911343,5,25.456333684311076,255934.52001842935
1241.5960484651623,5,22.896525998345496,262391.51076798374
2353.5299776972033,3,5.805210186601988,373653.5441384145
1787.730240161329,4,37.840978142323806,302485.9285884623
2145.52322654166,2,12.053705300588717,325004.75808060146
1386.8283976546622,4,23.120688632301686,262095.01270953755
954.4774435695538,4,27.991037783562646,204516.24927507297
1609.1695740316695,2,25.969326209812355,263991.39875222434
627.6345122083507,2,37.62377638782074,137322.24458391254
2155.262343985164,1,5.93755959680232,294583.3536849013
1763.3287982441298,1,20.334109537877683,226623.13982888064
2016.1754801707477,3,16.16137562963064,339038.1380815578
1209.0519362597367,3,18.966749179304724,242728.70940665368
2441.3960487898066,1,4.768701047909785,338843.2197237489
2286.2422426443954,3,5.363784394910613,337160.51050321455
2056.7669941475237,4,11.123021831250295,349399.14414781064
889.2774157039352,2,12.188184150433251,190925.31595938353
1433.4420074540685,2,17.116128547254,265284.05589319975
587.6075315744575,2,24.43950188146513,138705.76586528457
808.5789841350957,3,25.38516469673052,166145.59589004162
1866.0979064849093,2,16.47243586342281,277356.84076367796
1989.5243118156343,4,16.351324377147883,335833.62729121756
2435.01946486842,2,8.705141067878479,360749.25237162877
1151.650716276304,3,23.53224993636033,199146.26741813598
1240.9194120697377,2,12.681636452689515,249496.3550491662
1439.1116225516157,1,1.442393371094548,263317.0060404002
878.9427181685714,4,16.736001766274416,219125.05502054046
759.8430106709433,2,18.965307003606814,142196.1597104908
1451.4098524518674,2,9.02371472816844,259775.50037614853
953.8186981017682,4,22.898317324884626,215733.986054773
1839.6279893650208,5,22.630876017276837,334288.84227304184
1374.3038377446615,4,28.080087244414855,271197.36973948416
2165.3563921156747,5,25.9179392880484,373638.98276636144
1900.5302040044983,5,26.097322260841263,343285.98021643184
1124.733282764082,3,12.648566072961724,229402.73532390362
2164.519602790402,4,31.497288879438155,349656.3923513293
2109.528714993604,2,21.965775343987175,288816.65857832995
1274.9567580603489,3,17.256727807195603,235443.74488264375
1076.6562078604882,3,25.040499237642283,195823.4661704079
1864.991007949951,5,14.426293378010172,318060.2718869857
779.5049672186196,5,20.50956978427033,227360.18952833046
899.8164049502166,3,29.46822753928881,205338.3166758805
514.724539502011,4,35.45611546894831,163790.36136951688
2073.848755004277,2,36.842287891807665,303216.22153990524
1829.7017131840644,5,20.145317007323968,348707.3287905184
1910.3307572526703,3,20.811004589622762,307771.6849076496
2061.4580620439356,3,31.99481643055346,319821.07345429616
1417.83155107668,4,12.578027669768051,253675.2934364574
1637.4823919057874,4,33.495294493802746,285656.52100113494
779.5939962553149,1,19.765665860696938,143644.5357884465
729.0601470719469,2,4.634268973410736,144240.02071738808
1836.8059235809433,1,2.882365882917748,282342.8614461301
1442.1924122862652,4,33.679728441578526,254923.3632632369
1630.4722129623776,1,2.222716676275116,285841.9097141348
2029.997714832051,2,11.224457445346236,328033.35975127027
1769.4366400011816,3,13.365201620061832,296811.91709046427
1607.1588013159917,4,6.919777807663752,301055.0435588042
1618.414321490827,3,12.55573479207957,279828.31641679857
1107.9001961252243,5,29.707702669003424,231138.15162789097
561.6356691358789,5,0.5873137424028307,175690.0213415589
1373.4347784647248,1,33.08693698082746,201076.84566700106
929.1693456390584,5,34.26192094298233,197899.31087251345
1317.0572874492723,4,14.890462927661927,237379.77106793592
2206.8061465363326,4,6.144515962425392,377569.4520326326
967.8789717306815,1,24.033616317803236,167787.5534524377
616.605483378132,4,4.7869022345957735,153362.52354717805
1062.767784043993,4,14.596774443130101,224014.4449683482
1087.1875155333673,3,38.337167236038894,209728.28886367183
1823.83302945379,1,39.81857890334548,267893.4564952232
1614.0643046825567,3,30.884195654183422,279367.9126818386
2067.796418212827,5,12.43846039683065,363768.49997159664
1828.627080654775,4,27.5066019666437,294754.28818572074
1312.7737228801411,1,28.21625461936051,183704.36063975762
2128.0407693320694,5,15.513667806545989,373123.03164586687
833.9458398154078,5,25.635545383446377,210254.2649865693
545.424146267721,1,0.4291057990270497,149417.57958698086
680.0957215512835,5,8.362306344089658,216421.33626601356
1944.7187011929007,3,21.003532118690448,309579.98860022816
1423.7544605027747,3,6.550052170331835,241947.40534115446
822.5435580672035,3,6.6362747150613455,183609.6082408519
1502.089550206727,4,33.452171622009516,266747.4766493575
804.6242054263369,5,39.56532010734422,186871.39988444396
1892.640750155472,4,22.238777121137936,310657.4567005814
1392.3125511480614,5,33.56278923526854,269020.546974101
1262.042452192965,5,39.6128665730509,237195.43488355595
1103.024178295753,1,5.663835542750988,183410.84170540894
1760.565186237777,2,17.929824530174045,281595.75523894554
1223.6252211067808,4,15.702908633676795,238242.81092393422
675.299838632202,3,3.201971345847401,177135.9693938616
736.0118042410306,1,30.21320691178978,133248.9113222737
2423.795329099029,1,17.35116109290372,324883.0756011869
2317.1613814152142,3,18.77307736761605,350822.28701775166
1899.4142676214992,4,6.026918952529607,354674.8310513032
1031.7399229190391,1,7.237066089234725,165587.94518788258
2438.352754695448,1,36.2841448862486,296825.19791989686
2057.501807931589,1,1.7859635589711553,282543.76880597614
1933.780378317991,3,9.31409139774825,320039.02147861035
1398.7230042875774,1,11.682373212581133,223964.62111493485
1044.483123690318,3,19.607901696063458,202887.49065461062
692.7819243069986,3,23.457806920591835,177580.4328142939
2305.2047930876834,3,19.731599034026665,315746.7794467566
1411.5525796672223,4,3.364613382275281,282633.6269707088
904.7267295904606,3,9.746698162228542,219191.42204812606
1111.913248301305,4,33.74353539050165,199518.05001037958
1658.439137883792,4,25.503548019138364,282912.7604538959
853.5455658784634,5,25.965962005370976,195359.31954268954
2213.228568184751,4,26.8081302140542,340725.73331976385
2017.03905967042,3,30.516120761581163,307737.8604758398
1938.9259119018736,3,2.3243392688578934,347223.91726840613
1364.1860795502075,2,14.664335397304495,259531.66136049412
1754.6176814048863,3,21.581097410467148,283250.15546461043
1668.1959378254712,1,13.538259331893041,282928.8082845091
1799.69320310964,5,33.77915493148746,314473.50758273626
668.8886422797782,5,19.302900343491757,216129.6821992962
1331.6148043412193,1,30.745103578375165,198798.21391344382
583.228347723785,4,34.08062067524676,154688.77257734898
1487.9816384890378,1,20.191659316139923,232886.58625541514
1159.7224246655705,4,36.38208975485399,267743.8243464983
789.0483777320937,1,23.484957621479225,153667.1228533397
706.8059354451033,3,34.01097195334887,141998.96674146137
1675.289144355424,4,13.623631823660972,314670.75991786
841.1859370737723,4,19.952678341259407,189552.68171958002
2350.240236753594,3,21.25644164018311,352677.42235476663
1662.12227940079,5,4.199188635842823,334724.3430178022
1193.739609069674,4,15.942100268061626,240961.3566904789
1681.8309829628336,2,36.69350690206704,256643.5511515635
545.607742059395,4,25.233289614589694,155496.07568343502
2417.1184264828908,4,7.100263297478699,399422.74743904546
1464.6068738858005,2,13.5542254243842,251283.93298833093
2065.4704545005725,4,7.664120386507993,322670.6542402811
665.4599998448771,5,0.9929252719429016,214059.44979297393
1473.3166616763206,5,37.09841834016107,257388.9734315751
1481.4139887090419,4,17.92829313027486,251792.557107474
2375.6529099499658,4,12.301402896831446,384361.0582186505
1643.4561047521508,2,23.939087662309465,259323.17749012733
1446.9788021139075,4,0.29257825172062546,273000.8011837082
1033.9513261837872,2,11.120884264032554,207642.92959584802
1163.1379946851043,3,28.1213386279557,191946.86096428434
1541.3448049430756,2,25.350790922770518,238576.58762336426
1377.8229206100932,2,39.272237901701416,205147.84812785505
543.2241597606609,1,24.814308386321763,109636.6434071318
2152.5838483887155,5,19.10023494510931,372212.83812026697
2292.3215436795335,1,30.457302527360305,300594.3489753026
780.4981779972215,1,36.133114878562125,140617.5296186603
1608.0722870780987,5,28.827837868734065,295851.4396794051
717.1514822708871,3,38.528448941975185,121856.22491924763
1844.4801860796233,3,31.28020682952709,261934.58525997767
1062.4675676780166,4,34.67205753047706,209573.67270304068
1818.8452693838035,2,4.564162847345488,291295.5922813847
1953.9892285737653,1,29.29654011975151,274490.17362943117
2037.294983835314,4,17.603547981094746,339972.8228274086
715.4818919117931,1,22.12415209645101,136541.90294490708
2332.023690275216,3,26.16409637929427,368126.30987731495
960.4279817897616,5,38.79260466822278,192550.7005664298
574.8251123523596,5,39.383123257264984,144892.94098295923
1609.7049387829668,2,11.52912981951621,247541.4309300323
1241.8445677248774,4,29.350139897516648,239874.98621650258
2159.5794862648263,4,29.999341517410745,363824.2758175473
2116.5029441286033,3,13.859714452521953,331422.49015982216
1134.2777856454306,1,4.954790994568841,159624.00381940178
2405.79879013949,2,1.6378784114287903,341825.6591484402
1081.8356762802373,4,31.09372510116714,202449.7502307546
1530.114258463429,5,19.587989672676237,284577.3859650422
1011.9301811352054,1,39.421606779797045,148768.50690356613
2372.0871400979267,4,18.598938247746123,380350.0230582681
829.2156351640363,5,39.11667916295361,188536.33792698474
589.821238784658,5,16.463040087762394,198348.21074210014
1370.194120006076,3,31.747286022398903,223885.20599758945
2484.751128111674,1,3.3927708924732825,347521.1492672891
2283.354532509828,2,22.218468405510556,343410.9022545778
1997.2160389138985,5,32.08239147942897,315965.38043723284
2281.5849817570497,5,36.98806668879555,375045.1200396096
2286.8932793957265,4,32.903323624697265,359642.83238362335
1537.716720772898,1,1.478829088046969,246131.30587353764
1131.858103661586,1,14.908093652269368,212720.63912481375
2044.024864221976,3,1.9479388925540508,329391.5209131731
1823.322526335522,3,4.37129164458232,341206.142402458
1247.3154577474202,1,27.012225146699365,189686.60307390944
688.9333361230306,4,28.530327852467927,150692.4913782359
1993.579222698052,3,30.948827310065052,310519.2385906366
1024.9210318457294,1,34.618261922226516,144152.2362789248
2373.6263010675584,1,29.577258739060394,314897.01141965616
981.9411500113695,3,32.03486368426528,193160.5465541845
745.515864822972,4,1.9585483929311698,206228.7963941636
2162.225344249812,5,9.381406017651944,367629.40099204204
806.5686332489881,3,24.87591093500983,186698.58441756674
858.5366163154781,2,34.32501218499293,172927.00058018006
1698.765583041687,5,0.1800049975863649,350252.39231538266
2249.1240816749287,3,20.58517368465399,356367.9519601541
892.8693314291465,2,27.09149597457589,185922.55367312234
1120.6473458001897,3,1.1842915651445285,200318.27182429627
2054.809676482355,1,16.054222302135518,293965.1851067472
2443.6528521219348,2,35.82539525534787,331572.9472055024
1501.4823724046846,3,26.86451235423435,255474.66272208552
787.7950051025016,5,9.506334534423893,203358.59469681003
527.872575416403,4,34.11124518527651,143563.3452725012
959.3120599977105,4,13.921256936380573,242213.06485368154
763.6444355730421,3,34.13378684576238,156784.5058458495
1855.317347225715,1,11.95774604475622,284278.769589134
743.6650092570623,2,23.61281003532596,146865.51313372317
1512.659863241266,5,15.877602709913363,294952.8007403738
1888.5248712857729,1,10.993002030202682,282918.8331366717
1662.2332184418046,5,35.46230248687477,302823.00521311414
899.5513033201153,4,7.503747277579653,229422.77160955776
2108.2490523645256,2,3.392463649430524,354986.8253282486
1930.8142592316033,4,13.677077541826414,335400.35030296876
1977.9680078310835,5,28.705565905662702,348234.91150573385
762.1155031146266,1,32.297264239051266,113353.08134473069
747.5076073006892,1,39.94973480267059,121422.97389771191
2355.1251020130153,4,11.854482280446597,397235.76839045837
1295.1563876498813,5,16.317678045251288,280354.15365804196
1101.8973835618795,1,5.472851121185052,196023.55112240327
1477.1680907030668,4,22.994877184921343,282160.1785299502
1825.7284255271647,1,39.903201490516686,259526.35050575368
2411.24651409394,4,28.03524040482634,394925.98324130155
1072.89245376411,4,23.80851361653487,224040.67091282198
2349.616858624054,1,15.69476371687176,329062.7373278236
549.7189827725126,4,36.61195041142219,151714.3364575591
1610.3960846536493,5,19.876663845213976,258387.2834444751
1767.9502233621702,5,5.37467653252246,338597.57162321825
711.7948075015066,1,14.615138527965339,83997.07369958676
780.6791941278252,2,2.686666753910676,145680.21878112922
1338.2286386326077,2,8.079161507551262,240900.63644398667
2432.4638242863634,3,0.7067512399964881,393493.1979813683
1692.0851064687456,1,18.131196660006538,236108.82374614532
2366.0464432004223,5,25.381610598071887,377938.7540774091
2108.7218312259415,4,13.73169849515631,372619.3757801999
1434.7632031105832,5,16.815270860211086,276458.915711511
2069.526898504375,1,38.36837091378304,316292.33577554335
535.6735679539755,1,30.07852486299662,105189.21046643457
718.2879935314699,5,21.63426547779805,200007.68949475695
2158.8572297654728,2,11.38163500447301,354210.6755457574
2093.6341766503238,4,35.87987195091981,334497.6103802043
965.2814839328673,5,9.40388467522638,218275.51062140096
1561.539181198107,1,13.013709220667081,240327.8225918248
1712.031641400022,1,36.36259257691794,240819.5618636169
2235.4779075520223,1,21.181682211402894,295840.8783540969
1706.2143146774513,1,29.692717976719067,242154.06230980656
1325.1431385473606,1,23.629791766550646,193980.46180248118
1248.3680868143654,5,26.137568360379806,267759.4820872315
1351.7641727470198,4,11.975331660593023,263150.6135139468
1803.8620511599484,5,9.654882465066517,329497.60392992705
2234.98126350465,5,12.899693886746611,381285.2675518221
1407.7937641525996,5,6.217662563336899,292307.9519237349
995.6791259027162,2,34.9725746116323,180755.64841436682
973.3247259951622,2,11.329877330004564,172739.3818253751
1992.0285604868927,5,22.459575776575385,330451.95214784774
2133.1375268478205,2,31.678977005654964,327203.5098482524
710.5561597082499,1,31.35296437502854,118999.31458189618
633.1177139103563,4,17.535450343367714,150693.1340055955
1688.8673275129036,5,19.050292343469025,319081.03606751974
792.3464883853966,5,39.78806995740099,195201.6697308171
2149.3283809126824,5,26.983899079160963,338371.5575873425
1120.6693478481488,1,32.58553772471531,176854.1172939597
787.7438659422853,4,36.10215876876928,186681.28328448438
2341.9409449749005,5,31.503593449173568,386445.83541324316
831.0634454705563,4,7.407173798142703,213281.59667437355
1069.440164675871,5,22.486829349502887,214279.319810141
807.2267903841173,5,4.075766292581795,223572.2041369716
730.9801273307099,3,26.116885062559938,157284.81083758053
542.2960326728801,1,38.213977127512436,92262.48983786599
610.7908183285202,3,20.50928257200445,164945.80628311477
849.2829418717054,2,17.31889971471069,190247.95091294957
606.7638652543508,1,1.433710056726527,163580.24660414626
1682.2876322219424,1,38.390980893168816,255883.84922468662
1861.4290535990128,4,4.120107365206351,328429.3878152637
1287.2609136640565,3,1.6431637321938775,253447.58109932684
1135.982193904099,3,9.84266446019754,234946.07477709747
1509.0524740444603,4,2.621217356735297,290806.9922394389
2250.009884469217,3,18.204713696470492,352398.8779978028
2202.263253644412,4,20.643512050284496,370113.0777752446
586.9501240255839,1,12.502797961143358,124542.53682376641
862.9968191930482,5,2.0384193029954423,215989.5788151645
973.489742208792,3,4.464014729969068,202030.4612935419
998.7751516644237,1,15.380175119597123,182057.5337700593
1642.4653034855455,5,2.421138033061445,320203.8253598157
1332.5248514063846,4,27.92758902439654,252664.06060227397
598.508239855188,1,8.28082166099248,140247.52008686142
1247.2282769191431,1,12.08286275134554,199378.4810857566
1547.5058974352744,1,15.7650310871239,249432.4052769809
703.343805807432,2,16.664385322765916,156752.38749055503
2166.917107577119,1,0.06642830699202129,306454.71395998856
603.9237329302085,4,4.482814839947902,200519.16794746034
2349.683738036124,3,34.510582549635124,341842.411368273
698.226283159751,5,0.04932250047632536,183921.26583101132
2187.1499031955054,4,20.326694232515003,340520.97735365416
2305.306287855234,4,19.580080260288323,355657.0129242226
2459.1413611731855,3,13.323766440425512,380220.54996830487
2104.051760547187,1,17.253080805857984,299575.98903778254
2058.955081542658,1,31.223245501063374,282043.53386965935
1784.9665519910952,4,33.64814824859826,306572.99712228996
