State,Action,NextState,Reward,Terminal
0,0,0,-1.0,False
0,1,1,-1.0,False
0,2,4,-1.0,False
0,3,0,-1.0,False
1,0,1,-1.0,False
1,1,2,-1.0,False
1,2,5,-1.0,False
1,3,0,-1.0,False
2,0,2,-1.0,False
2,1,3,-1.0,False
2,2,6,-1.0,False
2,3,1,-1.0,False
3,0,3,-1.0,False
3,1,3,-1.0,False
3,2,7,-1.0,False
3,3,2,-1.0,False
4,0,0,-1.0,False
4,1,5,-1.0,False
4,2,8,-1.0,False
4,3,4,-1.0,False
5,0,1,-1.0,False
5,1,6,-1.0,False
5,2,9,-1.0,False
5,3,4,-1.0,False
6,0,2,-1.0,False
6,1,7,-1.0,False
6,2,10,-1.0,False
6,3,5,-1.0,False
7,0,3,-1.0,False
7,1,7,-1.0,False
7,2,11,-1.0,False
7,3,6,-1.0,False
8,0,4,-1.0,False
8,1,9,-1.0,False
8,2,12,-1.0,False
8,3,8,-1.0,False
9,0,5,-1.0,False
9,1,10,-1.0,False
9,2,13,-1.0,False
9,3,8,-1.0,False
10,0,6,-1.0,False
10,1,11,-1.0,False
10,2,14,-1.0,False
10,3,9,-1.0,False
11,0,7,-1.0,False
11,1,11,-1.0,False
11,2,15,10.0,True
11,3,10,-1.0,False
12,0,8,-1.0,False
12,1,13,-1.0,False
12,2,12,-1.0,False
12,3,12,-1.0,False
13,0,9,-1.0,False
13,1,14,-1.0,False
13,2,13,-1.0,False
13,3,12,-1.0,False
14,0,10,-1.0,False
14,1,15,10.0,True
14,2,14,-1.0,False
14,3,13,-1.0,False
15,0,15,0.0,True
15,1,15,0.0,True
15,2,15,0.0,True
15,3,15,0.0,True
