up,right,down,left
2.052730985471029612e+00,3.213393886833357360e+00,3.213428124999986757e+00,2.052579559890173488e+00
2.721721567579105994e+00,3.925346166397388536e+00,4.435187494510554274e+00,1.396067843615805160e+00
8.490583509833093956e-02,8.934285449256742506e-01,5.656786841607300609e+00,4.790532355731372816e-01
2.314396923920400972e-01,-8.447633097275104586e-01,5.470223075254155631e+00,-3.712332938982458863e-01
2.052589747306507562e+00,4.435187499999987182e+00,4.434924517822627976e+00,3.213214564719823141e+00
3.213352423112659118e+00,5.720976881193674757e+00,5.721249999999988844e+00,3.212817389212732966e+00
2.931208675987532875e+00,5.868398620245631747e+00,7.074999998942049118e+00,4.194632642984641890e+00
1.485899891797488381e+00,4.029125025889642053e+00,8.419303616286610392e+00,2.998491736236429617e+00
2.476326123763217701e+00,5.721249993519267107e+00,5.079172318159234756e+00,3.599741681947131511e+00
4.435168710236423451e+00,7.074999999999990408e+00,7.074986699111175170e+00,4.435177009120497615e+00
5.721239016499865215e+00,8.498898892082676682e+00,8.499999999999992895e+00,5.721183245111680193e+00
5.963422886748776186e+00,7.809939713161089259e+00,9.999962585558083816e+00,4.392851997932605279e+00
1.757756008968458072e+00,7.023121580792676788e+00,1.714574551258101431e+00,1.488498878842008155e+00
5.380913499717842718e+00,8.499999999951844742e+00,6.953066423713365474e+00,4.465302807652744121e+00
7.074946463329307988e+00,9.999999999999996447e+00,8.499998862647375475e+00,7.074949864968314017e+00
0.000000000000000000e+00,0.000000000000000000e+00,0.000000000000000000e+00,0.000000000000000000e+00
