Review,Sentiment,Cleaned
great product excellent quality,positive,great product excellent quality
love this useful product,positive,love this useful product
amazing service very helpful,positive,amazing service very helpful
excellent value works perfectly,positive,excellent value works perfectly
fast delivery wonderful quality,positive,fast delivery wonderful quality
fantastic purchase highly recommend,positive,fantastic purchase highly recommend
good design very comfortable,positive,good design very comfortable
happy with this excellent purchase,positive,happy with this excellent purchase
reliable item works great,positive,reliable item works great
wonderful experience helpful staff,positive,wonderful experience helpful staff
great quality and good price,positive,great quality and good price
perfect fit love the design,positive,perfect fit love the design
easy to use fantastic results,positive,easy to use fantastic results
excellent support friendly service,positive,excellent support friendly service
very satisfied good performance,positive,very satisfied good performance
amazing quality highly recommended,positive,amazing quality highly recommended
great value fast shipping,positive,great value fast shipping
love it wonderful product,positive,love it wonderful product
helpful service perfect delivery,positive,helpful service perfect delivery
good purchase reliable quality,positive,good purchase reliable quality
bad product poor quality,negative,bad product poor quality
hate this useless product,negative,hate this useless product
terrible service very rude,negative,terrible service very rude
poor value broken item,negative,poor value broken item
slow delivery awful quality,negative,slow delivery awful quality
disappointing purchase not recommended,negative,disappointing purchase not recommended
bad design very uncomfortable,negative,bad design very uncomfortable
unhappy with this terrible purchase,negative,unhappy with this terrible purchase
unreliable item fails badly,negative,unreliable item fails badly
awful experience rude staff,negative,awful experience rude staff
poor quality and high price,negative,poor quality and high price
wrong fit hate the design,negative,wrong fit hate the design
hard to use disappointing results,negative,hard to use disappointing results
terrible support unfriendly service,negative,terrible support unfriendly service
very dissatisfied bad performance,negative,very dissatisfied bad performance
awful quality not recommended,negative,awful quality not recommended
bad value slow shipping,negative,bad value slow shipping
hate it terrible product,negative,hate it terrible product
rude service failed delivery,negative,rude service failed delivery
bad purchase unreliable quality,negative,bad purchase unreliable quality
